<?xml version="1.0" encoding="UTF-8"?>
<metadata xml:lang="en"><Esri><CreaDate>20190827</CreaDate><CreaTime>12443600</CreaTime><ArcGISFormat>1.0</ArcGISFormat><SyncOnce>FALSE</SyncOnce><DataProperties><itemProps><itemLocation><linkage Sync="TRUE">file://\\CIL-8220\C$\Users\nnourey\Documents\ArcGIS\Default.gdb</linkage><protocol Sync="TRUE">Local Area Network</protocol></itemLocation><itemName Sync="TRUE">FEWS_NET_LH_World_Merge</itemName><imsContentType Sync="TRUE">002</imsContentType><itemSize Sync="TRUE">0.000</itemSize></itemProps><copyHistory><copy source="M:\Verified Shapefiles\LHZ1_Template" dest="\\apollo.fewsnet.local\Mapfiles\Verified Shapefiles\AF\LHZ1_Template" date="20160518" time="11243700"></copy></copyHistory><lineage><Process ToolSource="c:\program files (x86)\arcgis\desktop10.4\ArcToolbox\Toolboxes\Data Management Tools.tbx\CalculateField" Date="20160518" Time="112618">CalculateField AF_LHZ_2011 EFF_YEAR 2011 VB #</Process><Process ToolSource="c:\program files (x86)\arcgis\desktop10.4\ArcToolbox\Toolboxes\Data Management Tools.tbx\CalculateField" Date="20160518" Time="113806">CalculateField AF_LHZ_2011 FNID "!LZCODE! [-2]" PYTHON_9.3 #</Process><Process ToolSource="c:\program files (x86)\arcgis\desktop10.4\ArcToolbox\Toolboxes\Data Management Tools.tbx\CalculateField" Date="20160518" Time="113819">CalculateField AF_LHZ_2011 FNID "!LZCODE! [-2:]" PYTHON_9.3 #</Process><Process ToolSource="c:\program files (x86)\arcgis\desktop10.4\ArcToolbox\Toolboxes\Data Management Tools.tbx\CalculateField" Date="20160518" Time="113824">CalculateField AF_LHZ_2011 LZNUM "!LZCODE! [-2:]" PYTHON_9.3 #</Process><Process ToolSource="c:\program files (x86)\arcgis\desktop10.4\ArcToolbox\Toolboxes\Data Management Tools.tbx\CalculateField" Date="20160518" Time="113846">CalculateField AF_LHZ_2011 LZNUM "!LZCODE! [-2:]" PYTHON_9.3 #</Process><Process ToolSource="c:\program files (x86)\arcgis\desktop10.4\ArcToolbox\Toolboxes\Data Management Tools.tbx\CalculateField" Date="20160518" Time="113855">CalculateField AF_LHZ_2011 FNID "" PYTHON_9.3 #</Process><Process ToolSource="c:\program files (x86)\arcgis\desktop10.4\ArcToolbox\Toolboxes\Data Management Tools.tbx\CalculateField" Date="20160518" Time="115222">CalculateField AF_LHZ_2011 FNID !COUNTRY!+str(!EFF_YEAR!)+"L10"+str(!LZNUM!) PYTHON_9.3 #</Process><Process ToolSource="c:\program files (x86)\arcgis\desktop10.4\ArcToolbox\Toolboxes\Data Management Tools.tbx\CalculateField" Date="20160518" Time="115937">CalculateField AF_LHZ_2011 FNID FNID(!LZNUM!,!COUNTRY!,!EFF_YEAR!) PYTHON_9.3 "def FNID(LZNUM,COUNTRY,EFF_YEAR):\n	if LZNUM&lt;10:\n		return(COUNTRY+str(EFF_YEAR)+"L10"+str(LZNUM))\n	else:\n		return(COUNTRY+str(EFF_YEAR)+"L1"+str(LZNUM))"</Process><Process ToolSource="c:\program files (x86)\arcgis\desktop10.4\ArcToolbox\Toolboxes\Data Management Tools.tbx\CalculateField" Date="20160518" Time="120012">CalculateField AF_LHZ_2011 FNID "" PYTHON_9.3 #</Process><Process ToolSource="c:\program files (x86)\arcgis\desktop10.4\ArcToolbox\Toolboxes\Data Management Tools.tbx\CalculateField" Date="20160518" Time="120150">CalculateField AF_LHZ_2011 FNID FNID(!LZNUM!,!COUNTRY!,!EFF_YEAR!) PYTHON_9.3 "def FNID(LZNUM,COUNTRY,EFF_YEAR):\n	if LZNUM&lt;10:\n		return(COUNTRY+str(EFF_YEAR)+"L10"+str(LZNUM))\n	else:\n		return(COUNTRY+str(EFF_YEAR)+"L1"+str(LZNUM))"</Process><Process ToolSource="c:\program files (x86)\arcgis\desktop10.7\ArcToolbox\Toolboxes\Data Management Tools.tbx\Merge" Date="20190827" Time="123026">Merge FEWS_NET_LH_World;SS_LHZ_2018 C:\Users\nnourey\Documents\ArcGIS\Default.gdb\FEWS_NET_LH_World_Merge "FNID "FNID" true true false 18 Text 0 0 ,First,#,FEWS_NET_LH_World,FNID,-1,-1,SS_LHZ_2018,FNID,-1,-1;EFF_YEAR "EFF_YEAR" true true false 5 Long 0 5 ,First,#,FEWS_NET_LH_World,EFF_YEAR,-1,-1,SS_LHZ_2018,EFF_YEAR,-1,-1;COUNTRY "COUNTRY" true true false 2 Text 0 0 ,First,#,FEWS_NET_LH_World,COUNTRY,-1,-1,SS_LHZ_2018,COUNTRY,-1,-1;LZNUM "LZNUM" true true false 5 Long 0 5 ,First,#,FEWS_NET_LH_World,LZNUM,-1,-1,SS_LHZ_2018,LZNUM,-1,-1;LZCODE "LZCODE" true true false 5 Text 0 0 ,First,#,FEWS_NET_LH_World,LZCODE,-1,-1,SS_LHZ_2018,LZCODE,-1,-1;LZNAMEEN "LZNAMEEN" true true false 254 Text 0 0 ,First,#,FEWS_NET_LH_World,LZNAMEEN,-1,-1,SS_LHZ_2018,LZNAMEEN,-1,-1;LZNAMEFR "LZNAMEFR" true true false 254 Text 0 0 ,First,#,FEWS_NET_LH_World,LZNAMEFR,-1,-1;LZNAMESP "LZNAMESP" true true false 254 Text 0 0 ,First,#,FEWS_NET_LH_World,LZNAMESP,-1,-1;LZNAMEPT "LZNAMEPT" true true false 254 Text 0 0 ,First,#,FEWS_NET_LH_World,LZNAMEPT,-1,-1;CLASS "CLASS" true true false 4 Text 0 0 ,First,#,FEWS_NET_LH_World,CLASS,-1,-1,SS_LHZ_2018,CLASS,-1,-1;LZSZNAMEEN "LZSZNAMEEN" true true false 200 Text 0 0 ,First,#,FEWS_NET_LH_World,LZSZNAMEEN,-1,-1;LZSZNAMEFR "LZSZNAMEFR" true true false 254 Text 0 0 ,First,#,FEWS_NET_LH_World,LZSZNAMEFR,-1,-1;LZSZCODE "LZSZCODE" true true false 1 Text 0 0 ,First,#,FEWS_NET_LH_World,LZSZCODE,-1,-1;LZTYPE "LZTYPE" true true false 50 Text 0 0 ,First,#,FEWS_NET_LH_World,LZTYPE,-1,-1;MAINCROPS "MAINCROPS" true true false 100 Text 0 0 ,First,#,FEWS_NET_LH_World,MAINCROPS,-1,-1;MAINLSTOCK "MAINLSTOCK" true true false 50 Text 0 0 ,First,#,FEWS_NET_LH_World,MAINLSTOCK,-1,-1"</Process><Process ToolSource="c:\program files\arcgis\pro\Resources\ArcToolbox\toolboxes\Data Management Tools.tbx\UpdateSchema" Date="20200901" Time="102448">UpdateSchema "CIMDATA=&lt;CIMStandardDataConnection xsi:type='typens:CIMStandardDataConnection' xmlns:xsi='http://www.w3.org/2001/XMLSchema-instance' xmlns:xs='http://www.w3.org/2001/XMLSchema' xmlns:typens='http://www.esri.com/schemas/ArcGIS/2.4.0'&gt;&lt;WorkspaceConnectionString&gt;DATABASE=M:\Livelihood Zone Maps\FEWS NET LH World Current&lt;/WorkspaceConnectionString&gt;&lt;WorkspaceFactory&gt;Shapefile&lt;/WorkspaceFactory&gt;&lt;Dataset&gt;FEWS_NET_LH_World.shp&lt;/Dataset&gt;&lt;DatasetType&gt;esriDTFeatureClass&lt;/DatasetType&gt;&lt;/CIMStandardDataConnection&gt;" &lt;operationSequence&gt;&lt;workflow&gt;&lt;DeleteField&gt;&lt;field_name&gt;Shape_Leng&lt;/field_name&gt;&lt;field_name&gt;Shape_Area&lt;/field_name&gt;&lt;/DeleteField&gt;&lt;/workflow&gt;&lt;/operationSequence&gt;</Process><Process ToolSource="c:\program files\arcgis\pro\Resources\ArcToolbox\toolboxes\Data Management Tools.tbx\DeleteField" Date="20200901" Time="102517">DeleteField FEWS_NET_LH_World LZSZNAMEFR</Process><Process ToolSource="c:\program files\arcgis\pro\Resources\ArcToolbox\toolboxes\Data Management Tools.tbx\DeleteField" Date="20200901" Time="102555">DeleteField FEWS_NET_LH_World LZSZNAMEEN</Process><Process ToolSource="c:\program files (x86)\arcgis\desktop10.7\ArcToolbox\Toolboxes\Data Management Tools.tbx\RepairGeometry" Date="20200901" Time="155553">RepairGeometry FEWS_NET_LH_World DELETE_NULL</Process><Process ToolSource="c:\program files (x86)\arcgis\desktop10.7\ArcToolbox\Toolboxes\Data Management Tools.tbx\RepairGeometry" Date="20200901" Time="155720">RepairGeometry FEWS_NET_LH_World DELETE_NULL</Process><Process ToolSource="c:\program files (x86)\arcgis\desktop10.7\ArcToolbox\Toolboxes\Data Management Tools.tbx\Append" Date="20201203" Time="105714">Append AF_LHZ_2011 FEWS_NET_LH_World NO_TEST "OBJECTID "OBJECTID" true false false 10 Long 0 10 ,First,#;FNID "FNID" true false false 18 Text 0 0 ,First,#,AF_LHZ_2011,FNID,-1,-1;EFF_YEAR "EFF_YEAR" true false false 10 Long 0 10 ,First,#,AF_LHZ_2011,EFF_YEAR,-1,-1;COUNTRY "COUNTRY" true false false 2 Text 0 0 ,First,#,AF_LHZ_2011,COUNTRY,-1,-1;LZNUM "LZNUM" true false false 10 Long 0 10 ,First,#,AF_LHZ_2011,LZNUM,-1,-1;LZCODE "LZCODE" true false false 5 Text 0 0 ,First,#,AF_LHZ_2011,LZCODE,-1,-1;LZNAMEEN "LZNAMEEN" true false false 254 Text 0 0 ,First,#,AF_LHZ_2011,LZNAMEEN,-1,-1;LZNAMEFR "LZNAMEFR" true false false 254 Text 0 0 ,First,#,AF_LHZ_2011,LZNAMEFR,-1,-1;LZNAMESP "LZNAMESP" true false false 254 Text 0 0 ,First,#,AF_LHZ_2011,LZNAMESP,-1,-1;LZNAMEPT "LZNAMEPT" true false false 254 Text 0 0 ,First,#,AF_LHZ_2011,LZNAMEPT,-1,-1;CLASS "CLASS" true false false 4 Text 0 0 ,First,#,AF_LHZ_2011,CLASS,-1,-1;LZSZCODE "LZSZCODE" true false false 1 Text 0 0 ,First,#;LZTYPE "LZTYPE" true false false 50 Text 0 0 ,First,#;MAINCROPS "MAINCROPS" true false false 100 Text 0 0 ,First,#;MAINLSTOCK "MAINLSTOCK" true false false 50 Text 0 0 ,First,#" #</Process></lineage><coordRef><type Sync="TRUE">Geographic</type><geogcsn Sync="TRUE">GCS_WGS_1984</geogcsn><csUnits Sync="TRUE">Angular Unit: Degree (0.017453)</csUnits><peXml Sync="TRUE">&lt;GeographicCoordinateSystem xsi:type='typens:GeographicCoordinateSystem' xmlns:xsi='http://www.w3.org/2001/XMLSchema-instance' xmlns:xs='http://www.w3.org/2001/XMLSchema' xmlns:typens='http://www.esri.com/schemas/ArcGIS/10.7'&gt;&lt;WKT&gt;GEOGCS[&amp;quot;GCS_WGS_1984&amp;quot;,DATUM[&amp;quot;D_WGS_1984&amp;quot;,SPHEROID[&amp;quot;WGS_1984&amp;quot;,6378137.0,298.257223563]],PRIMEM[&amp;quot;Greenwich&amp;quot;,0.0],UNIT[&amp;quot;Degree&amp;quot;,0.0174532925199433]],VERTCS[&amp;quot;WGS_1984&amp;quot;,DATUM[&amp;quot;D_WGS_1984&amp;quot;,SPHEROID[&amp;quot;WGS_1984&amp;quot;,6378137.0,298.257223563]],PARAMETER[&amp;quot;Vertical_Shift&amp;quot;,0.0],PARAMETER[&amp;quot;Direction&amp;quot;,1.0],UNIT[&amp;quot;Meter&amp;quot;,1.0]]&lt;/WKT&gt;&lt;XOrigin&gt;-400&lt;/XOrigin&gt;&lt;YOrigin&gt;-400&lt;/YOrigin&gt;&lt;XYScale&gt;1111948722.2222221&lt;/XYScale&gt;&lt;ZOrigin&gt;-100000&lt;/ZOrigin&gt;&lt;ZScale&gt;10000&lt;/ZScale&gt;&lt;MOrigin&gt;-100000&lt;/MOrigin&gt;&lt;MScale&gt;10000&lt;/MScale&gt;&lt;XYTolerance&gt;8.983152841195215e-09&lt;/XYTolerance&gt;&lt;ZTolerance&gt;0.001&lt;/ZTolerance&gt;&lt;MTolerance&gt;0.001&lt;/MTolerance&gt;&lt;HighPrecision&gt;true&lt;/HighPrecision&gt;&lt;LeftLongitude&gt;-180&lt;/LeftLongitude&gt;&lt;WKID&gt;4326&lt;/WKID&gt;&lt;LatestWKID&gt;4326&lt;/LatestWKID&gt;&lt;VCSWKID&gt;115700&lt;/VCSWKID&gt;&lt;LatestVCSWKID&gt;115700&lt;/LatestVCSWKID&gt;&lt;/GeographicCoordinateSystem&gt;</peXml></coordRef></DataProperties><SyncDate>20190827</SyncDate><SyncTime>12302500</SyncTime><ModDate>20190827</ModDate><ModTime>12302500</ModTime></Esri><dataIdInfo><envirDesc Sync="TRUE"> Version 6.2 (Build 9200) ; Esri ArcGIS 10.7.0.10450</envirDesc><dataLang><languageCode value="eng" Sync="TRUE"></languageCode><countryCode value="USA" Sync="TRUE"></countryCode></dataLang><idCitation><resTitle Sync="TRUE">FEWS_NET_LH_World_Merge</resTitle><presForm><PresFormCd value="005" Sync="TRUE"></PresFormCd></presForm></idCitation><spatRpType><SpatRepTypCd value="001" Sync="TRUE"></SpatRepTypCd></spatRpType></dataIdInfo><mdLang><languageCode value="eng" Sync="TRUE"></languageCode><countryCode value="USA" Sync="TRUE"></countryCode></mdLang><mdChar><CharSetCd value="004" Sync="TRUE"></CharSetCd></mdChar><distInfo><distFormat><formatName Sync="TRUE">File Geodatabase Feature Class</formatName></distFormat><distTranOps><transSize Sync="TRUE">0.000</transSize></distTranOps></distInfo><mdHrLv><ScopeCd value="005" Sync="TRUE"></ScopeCd></mdHrLv><mdHrLvName Sync="TRUE">dataset</mdHrLvName><refSysInfo><RefSystem><refSysID><identCode code="4326" Sync="TRUE"></identCode><idCodeSpace Sync="TRUE">EPSG</idCodeSpace><idVersion Sync="TRUE">6.14(3.0.1)</idVersion></refSysID></RefSystem></refSysInfo><spatRepInfo><VectSpatRep><geometObjs Name="FEWS_NET_LH_World_Merge"><geoObjTyp><GeoObjTypCd value="002" Sync="TRUE"></GeoObjTypCd></geoObjTyp><geoObjCnt Sync="TRUE">0</geoObjCnt></geometObjs><topLvl><TopoLevCd value="001" Sync="TRUE"></TopoLevCd></topLvl></VectSpatRep></spatRepInfo><spdoinfo><ptvctinf><esriterm Name="FEWS_NET_LH_World_Merge"><efeatyp Sync="TRUE">Simple</efeatyp><efeageom code="4" Sync="TRUE"></efeageom><esritopo Sync="TRUE">FALSE</esritopo><efeacnt Sync="TRUE">0</efeacnt><spindex Sync="TRUE">TRUE</spindex><linrefer Sync="TRUE">FALSE</linrefer></esriterm></ptvctinf></spdoinfo><eainfo><detailed Name="FEWS_NET_LH_World_Merge"><enttyp><enttypl Sync="TRUE">FEWS_NET_LH_World_Merge</enttypl><enttypt Sync="TRUE">Feature Class</enttypt><enttypc Sync="TRUE">0</enttypc></enttyp><attr><attrlabl Sync="TRUE">OBJECTID</attrlabl><attalias Sync="TRUE">OBJECTID</attalias><attrtype Sync="TRUE">OID</attrtype><attwidth Sync="TRUE">4</attwidth><atprecis Sync="TRUE">0</atprecis><attscale Sync="TRUE">0</attscale><attrdef Sync="TRUE">Internal feature number.</attrdef><attrdefs Sync="TRUE">Esri</attrdefs><attrdomv><udom Sync="TRUE">Sequential unique whole numbers that are automatically generated.</udom></attrdomv></attr><attr><attrlabl Sync="TRUE">Shape</attrlabl><attalias Sync="TRUE">Shape</attalias><attrtype Sync="TRUE">Geometry</attrtype><attwidth Sync="TRUE">0</attwidth><atprecis Sync="TRUE">0</atprecis><attscale Sync="TRUE">0</attscale><attrdef Sync="TRUE">Feature geometry.</attrdef><attrdefs Sync="TRUE">Esri</attrdefs><attrdomv><udom Sync="TRUE">Coordinates defining the features.</udom></attrdomv></attr><attr><attrlabl Sync="TRUE">FNID</attrlabl><attalias Sync="TRUE">FNID</attalias><attrtype Sync="TRUE">String</attrtype><attwidth Sync="TRUE">18</attwidth><atprecis Sync="TRUE">0</atprecis><attscale Sync="TRUE">0</attscale></attr><attr><attrlabl Sync="TRUE">EFF_YEAR</attrlabl><attalias Sync="TRUE">EFF_YEAR</attalias><attrtype Sync="TRUE">Integer</attrtype><attwidth Sync="TRUE">4</attwidth><atprecis Sync="TRUE">0</atprecis><attscale Sync="TRUE">0</attscale></attr><attr><attrlabl Sync="TRUE">COUNTRY</attrlabl><attalias Sync="TRUE">COUNTRY</attalias><attrtype Sync="TRUE">String</attrtype><attwidth Sync="TRUE">2</attwidth><atprecis Sync="TRUE">0</atprecis><attscale Sync="TRUE">0</attscale></attr><attr><attrlabl Sync="TRUE">LZNUM</attrlabl><attalias Sync="TRUE">LZNUM</attalias><attrtype Sync="TRUE">Integer</attrtype><attwidth Sync="TRUE">4</attwidth><atprecis Sync="TRUE">0</atprecis><attscale Sync="TRUE">0</attscale></attr><attr><attrlabl Sync="TRUE">LZCODE</attrlabl><attalias Sync="TRUE">LZCODE</attalias><attrtype Sync="TRUE">String</attrtype><attwidth Sync="TRUE">5</attwidth><atprecis Sync="TRUE">0</atprecis><attscale Sync="TRUE">0</attscale></attr><attr><attrlabl Sync="TRUE">LZNAMEEN</attrlabl><attalias Sync="TRUE">LZNAMEEN</attalias><attrtype Sync="TRUE">String</attrtype><attwidth Sync="TRUE">254</attwidth><atprecis Sync="TRUE">0</atprecis><attscale Sync="TRUE">0</attscale></attr><attr><attrlabl Sync="TRUE">LZNAMEFR</attrlabl><attalias Sync="TRUE">LZNAMEFR</attalias><attrtype Sync="TRUE">String</attrtype><attwidth Sync="TRUE">254</attwidth><atprecis Sync="TRUE">0</atprecis><attscale Sync="TRUE">0</attscale></attr><attr><attrlabl Sync="TRUE">LZNAMESP</attrlabl><attalias Sync="TRUE">LZNAMESP</attalias><attrtype Sync="TRUE">String</attrtype><attwidth Sync="TRUE">254</attwidth><atprecis Sync="TRUE">0</atprecis><attscale Sync="TRUE">0</attscale></attr><attr><attrlabl Sync="TRUE">LZNAMEPT</attrlabl><attalias Sync="TRUE">LZNAMEPT</attalias><attrtype Sync="TRUE">String</attrtype><attwidth Sync="TRUE">254</attwidth><atprecis Sync="TRUE">0</atprecis><attscale Sync="TRUE">0</attscale></attr><attr><attrlabl Sync="TRUE">CLASS</attrlabl><attalias Sync="TRUE">CLASS</attalias><attrtype Sync="TRUE">String</attrtype><attwidth Sync="TRUE">4</attwidth><atprecis Sync="TRUE">0</atprecis><attscale Sync="TRUE">0</attscale></attr><attr><attrlabl Sync="TRUE">LZSZNAMEEN</attrlabl><attalias Sync="TRUE">LZSZNAMEEN</attalias><attrtype Sync="TRUE">String</attrtype><attwidth Sync="TRUE">200</attwidth><atprecis Sync="TRUE">0</atprecis><attscale Sync="TRUE">0</attscale></attr><attr><attrlabl Sync="TRUE">LZSZNAMEFR</attrlabl><attalias Sync="TRUE">LZSZNAMEFR</attalias><attrtype Sync="TRUE">String</attrtype><attwidth Sync="TRUE">254</attwidth><atprecis Sync="TRUE">0</atprecis><attscale Sync="TRUE">0</attscale></attr><attr><attrlabl Sync="TRUE">LZSZCODE</attrlabl><attalias Sync="TRUE">LZSZCODE</attalias><attrtype Sync="TRUE">String</attrtype><attwidth Sync="TRUE">1</attwidth><atprecis Sync="TRUE">0</atprecis><attscale Sync="TRUE">0</attscale></attr><attr><attrlabl Sync="TRUE">LZTYPE</attrlabl><attalias Sync="TRUE">LZTYPE</attalias><attrtype Sync="TRUE">String</attrtype><attwidth Sync="TRUE">50</attwidth><atprecis Sync="TRUE">0</atprecis><attscale Sync="TRUE">0</attscale></attr><attr><attrlabl Sync="TRUE">MAINCROPS</attrlabl><attalias Sync="TRUE">MAINCROPS</attalias><attrtype Sync="TRUE">String</attrtype><attwidth Sync="TRUE">100</attwidth><atprecis Sync="TRUE">0</atprecis><attscale Sync="TRUE">0</attscale></attr><attr><attrlabl Sync="TRUE">MAINLSTOCK</attrlabl><attalias Sync="TRUE">MAINLSTOCK</attalias><attrtype Sync="TRUE">String</attrtype><attwidth Sync="TRUE">50</attwidth><atprecis Sync="TRUE">0</atprecis><attscale Sync="TRUE">0</attscale></attr><attr><attrlabl Sync="TRUE">Shape_Length</attrlabl><attalias Sync="TRUE">Shape_Length</attalias><attrtype Sync="TRUE">Double</attrtype><attwidth Sync="TRUE">8</attwidth><atprecis Sync="TRUE">0</atprecis><attscale Sync="TRUE">0</attscale><attrdef Sync="TRUE">Length of feature in internal units.</attrdef><attrdefs Sync="TRUE">Esri</attrdefs><attrdomv><udom Sync="TRUE">Positive real numbers that are automatically generated.</udom></attrdomv></attr><attr><attrlabl Sync="TRUE">Shape_Area</attrlabl><attalias Sync="TRUE">Shape_Area</attalias><attrtype Sync="TRUE">Double</attrtype><attwidth Sync="TRUE">8</attwidth><atprecis Sync="TRUE">0</atprecis><attscale Sync="TRUE">0</attscale><attrdef Sync="TRUE">Area of feature in internal units squared.</attrdef><attrdefs Sync="TRUE">Esri</attrdefs><attrdomv><udom Sync="TRUE">Positive real numbers that are automatically generated.</udom></attrdomv></attr></detailed></eainfo><mdDateSt Sync="TRUE">20190827</mdDateSt></metadata>
